I500,INSUFFISANCE CARDIAQUE GAUCHE,65122144
I500,INSUFFISANCE CARDIAQUE GAUCHE,61816438
I500,INSUFFISANCE CARDIAQUE GAUCHE,65849001
I500,INSUFFISANCE CARDIAQUE GAUCHE,69724251
L20,ECZEMA,63339576
L20,ECZEMA,60021312
L20,ECZEMA,61312395
L20,ECZEMA,66815710
L20,ECZEMA,68990516
L20,ECZEMA,69724301
L20,ECZEMA,61777782
L20,ECZEMA,60097833
L20,ECZEMA,69337589
L20,ECZEMA,61750511
L20,ECZEMA,67938491
L20,ECZEMA,60805638
L20,ECZEMA,65726080
L20,ECZEMA,63566111
L20,ECZEMA,61938997
L20,ECZEMA,63923727
L20,ECZEMA,66132216
L20,ECZEMA,65891566
L20,ECZEMA,60252422
L20,ECZEMA,63588061
L20,ECZEMA,63872528
L20,ECZEMA,65796011
L20,ECZEMA,62294181
L20,ECZEMA,63947112
L20,ECZEMA,66841235
L20,ECZEMA,67369944
L20,ECZEMA,66423894
L20,ECZEMA,60676481
L20,ECZEMA,68492266
L20,ECZEMA,63420875
L20,ECZEMA,67945482
L20,ECZEMA,62017113
L20,ECZEMA,61243216
L20,ECZEMA,65055507
L20,ECZEMA,67981927
L20,ECZEMA,67240376
L20,ECZEMA,62555172
L20,ECZEMA,68243813
